model,baseline_f1,tuned_f1,f1_improvement,f1_improvement_pct,baseline_roc_auc,tuned_roc_auc,roc_improvement,significant
logistic_regression,0.6203208556149733,0.6188436830835118,-0.0014771725314615125,-0.23813039946836448,0.8462853691885772,0.845446155696325,-0.0008392134922522443,False
random_forest,0.636150234741784,0.6318181818181818,-0.00433205292360217,-0.6809795370680902,0.8434095597135693,0.8471245826808296,0.0037150229672602286,False
xgboost,0.563338301043219,0.6272189349112426,0.06388063386802356,11.339657493503655,0.8438056371094456,0.8455742599365754,0.001768622827129862,True
